[
  {"code": "8yg7", "name" : "Leonelo Biffi", "text": "Hy", "type": "contact"},
  {"code": "8yg7", "name" : "Leonelo Biffi", "text": "How r u?", "type": "contact"},
  {"code": "8yg7", "name" : "Leonelo Biffi", "text": "Ut enim ad minima veniam, quis nostrum exercitationem ullam corporis suscipit laboriosam, nisi ut aliquid ex ea commodi consequatur?", "type": "contact"},
  {"code": "4g4gsgb", "name" : "Kelvin Biffi", "text": "Hey I'm fine and you man?", "type": "user"},
  {"code": "4g4gsgb", "name" : "Kelvin Biffi", "text": "Whata hell you doing now?", "type": "user"},
  {"code": "8yg7", "name" : "Leonelo Biffi", "text": "Im at the school, after I will go to the pub, do you want go?", "type": "contact"},
  {"code": "8yg7", "name" : "Leonelo Biffi", "text": "It is a long established fact that a reader will be distracted by the readable content of a page when looking at its layout. The point of using Lorem Ipsum is that it has a more-or-less normal distribution of letters, as opposed to using 'Content here, content here', making it look like readable English. Many desktop publishing packages and web page editors now use Lorem Ipsum as their default model "text", and a search for 'lorem ipsum' will uncover many web sites still in their infancy. Various versions have evolved over the years, sometimes by accident, sometimes on purpose (injected humour and the like)", "type": "contact"},
  {"code": "4g4gsgb", "name" : "Kelvin Biffi", "text": "Ohhhh I can't :/", "type": "user"},
  {"code": "4g4gsgb", "name" : "Kelvin Biffi", "text": "Lorem ipsum dolor sit amet, consectetur adipiscing elit, sed do eiusmod tempor incididunt ut labore et dolore magna aliqua. Ut enim ad minim veniam, quis nostrud exercitation ullamco laboris nisi ut aliquip ex ea commodo consequat. Duis aute irure dolor in reprehenderit in voluptate velit esse cillum dolore eu fugiat nulla pariatur.", "type": "user"},
  {"code": "4g4gsgb", "name" : "Kelvin Biffi", "text": "I will work until tonight, I will pass that, sorry", "type": "user"},
  {"code": "8yg7", "name" : "Leonelo Biffi", "text": "No problem man, I send you pictures kkk, have a good work", "type": "contact"},
  {"code": "4g4gsgb", "name" : "Kelvin Biffi", "text": "There are many variations of passages of Lorem Ipsum available, but the majority have suffered alteration in some form, by injected humour, or randomised words which don't look even slightly believable. If you are going to use a passage of Lorem Ipsum, you need to be sure there isn't anything embarrassing hidden in the middle of "text".", "type": "user"},
  {"code": "4g4gsgb", "name" : "Kelvin Biffi", "text": "Thanks man!!", "type": "user"},
  {"code": "8yg7", "name" : "Leonelo Biffi", "text": "Thanks man!! https://media.giphy.com/media/xELN8T63yUJOM/giphy.gif", "type": "contact"},
  {"code": "4g4gsgb", "name" : "Kelvin Biffi", "text": "Noooooooooooo man!!", "type": "user"},
]